[
  {
    "username": "pnicolsonb",
    "tasks": [
      {
        "taskName": "Southern Hawkweed",
        "openDate": "2018-10-13T00:00:00",
        "dueDate": "2019-06-18T00:00:00",
        "labelType": 1,
        "executionType": 2
      },
      {
        "taskName": "Blueeyed",
        "openDate": "2018-10-22T00:00:00",
        "dueDate": "2019-06-25T00:00:00",
        "labelType": 2,
        "executionType": 1
      },
      {
        "taskName": "White",
        "openDate": "2018-10-04T00:00:00",
        "dueDate": "2019-04-21T00:00:00",
        "labelType": 4,
        "executionType": 1
      },
      {
        "taskName": "Guadeloupe",
        "openDate": "2018-02-14T00:00:00",
        "dueDate": "2019-02-09T00:00:00",
        "labelType": 2,
        "executionType": 1
      },
      {
        "taskName": "Rubber Rabbitbrush",
        "openDate": "2018-06-16T00:00:00",
        "dueDate": "2019-07-21T00:00:00",
        "labelType": 2,
        "executionType": 2
      },
      {
        "taskName": "Olive",
        "openDate": "2018-10-19T00:00:00",
        "dueDate": "2019-01-18T00:00:00",
        "labelType": 4,
        "executionType": 0
      },
      {
        "taskName": "Broadleaf",
        "openDate": "2018-03-21T00:00:00",
        "dueDate": "2018-12-18T00:00:00",
        "labelType": 2,
        "executionType": 0
      },
      {
        "taskName": "California Dwarf-flax",
        "openDate": "2018-10-01T00:00:00",
        "dueDate": "2019-06-01T00:00:00",
        "labelType": 4,
        "executionType": 3
      },
      {
        "taskName": "Fineleaf",
        "openDate": "2018-08-31T00:00:00",
        "dueDate": "2019-04-18T00:00:00",
        "labelType": 4,
        "executionType": 0
      }
    ]
  },
  {
    "username": "bbetoniar",
    "tasks": [
      {
        "taskName": "Fineleaf",
        "openDate": "2018-08-31T00:00:00",
        "dueDate": "2019-04-18T00:00:00",
        "labelType": 4,
        "executionType": 0
      },
      {
        "taskName": "Roundleaf Leather-root",
        "openDate": "2018-08-28T00:00:00",
        "dueDate": "2019-04-11T00:00:00",
        "labelType": 0,
        "executionType": 3
      },
      {
        "taskName": "Northland",
        "openDate": "2018-07-31T00:00:00",
        "dueDate": "2019-04-06T00:00:00",
        "labelType": 1,
        "executionType": 1
      },
      {
        "taskName": "Longbract Pohlia Moss",
        "openDate": "2018-09-13T00:00:00",
        "dueDate": "2019-03-29T00:00:00",
        "labelType": 3,
        "executionType": 2
      },
      {
        "taskName": "Guadeloupe",
        "openDate": "2018-02-14T00:00:00",
        "dueDate": "2019-02-09T00:00:00",
        "labelType": 2,
        "executionType": 1
      },
      {
        "taskName": "Greenman's Bluet",
        "openDate": "2018-07-27T00:00:00",
        "dueDate": "2019-02-04T00:00:00",
        "labelType": 1,
        "executionType": 2
      },
      {
        "taskName": "American Star-thistle",
        "openDate": "2018-09-21T00:00:00",
        "dueDate": "2018-11-29T00:00:00",
        "labelType": 1,
        "executionType": 0
      },
      {
        "taskName": "Rubber Rabbitbrush",
        "openDate": "2018-06-16T00:00:00",
        "dueDate": "2019-07-21T00:00:00",
        "labelType": 2,
        "executionType": 2
      }
    ]
  },
  {
    "username": "pclaffeyq",
    "tasks": [
      {
        "taskName": "Florida Toadwood",
        "openDate": "2018-05-15T00:00:00",
        "dueDate": "2019-02-02T00:00:00",
        "labelType": 0,
        "executionType": 0
      },
      {
        "taskName": "Annual",
        "openDate": "2018-05-10T00:00:00",
        "dueDate": "2019-06-07T00:00:00",
        "labelType": 1,
        "executionType": 0
      },
      {
        "taskName": "Clustered Sawwort",
        "openDate": "2018-07-21T00:00:00",
        "dueDate": "2018-12-09T00:00:00",
        "labelType": 0,
        "executionType": 1
      },
      {
        "taskName": "Cypress Panicgrass",
        "openDate": "2018-10-19T00:00:00",
        "dueDate": "2018-11-17T00:00:00",
        "labelType": 3,
        "executionType": 2
      },
      {
        "taskName": "Slender Cudweed",
        "openDate": "2018-07-12T00:00:00",
        "dueDate": "2019-01-24T00:00:00",
        "labelType": 0,
        "executionType": 0
      },
      {
        "taskName": "Fineleaf",
        "openDate": "2018-08-31T00:00:00",
        "dueDate": "2019-04-18T00:00:00",
        "labelType": 4,
        "executionType": 0
      },
      {
        "taskName": "Burchell's Clover",
        "openDate": "2018-06-17T00:00:00",
        "dueDate": "2018-12-03T00:00:00",
        "labelType": 4,
        "executionType": 2
      },
      {
        "taskName": "Greenman's Bluet",
        "openDate": "2018-07-27T00:00:00",
        "dueDate": "2019-02-04T00:00:00",
        "labelType": 1,
        "executionType": 2
      },
      {
        "taskName": "Roundleaf Leather-root",
        "openDate": "2018-08-28T00:00:00",
        "dueDate": "2019-04-11T00:00:00",
        "labelType": 0,
        "executionType": 3
      },
      {
        "taskName": "Bryum",
        "openDate": "2018-11-02T00:00:00",
        "dueDate": "2019-01-19T00:00:00",
        "labelType": 3,
        "executionType": 0
      },
      {
        "taskName": "Pearson's",
        "openDate": "2018-03-07T00:00:00",
        "dueDate": "2019-05-21T00:00:00",
        "labelType": 1,
        "executionType": 1
      },
      {
        "taskName": "Fir Clubmoss",
        "openDate": "2018-09-15T00:00:00",
        "dueDate": "2019-07-08T00:00:00",
        "labelType": 3,
        "executionType": 3
      },
      {
        "taskName": "Guadeloupe",
        "openDate": "2018-02-14T00:00:00",
        "dueDate": "2019-02-09T00:00:00",
        "labelType": 2,
        "executionType": 1
      }
    ]
  },
  {
    "username": "jbehlingp",
    "tasks": [
      {
        "taskName": "Tricharia Lichen",
        "openDate": "2018-08-21T00:00:00",
        "dueDate": "2019-01-24T00:00:00",
        "labelType": 2,
        "executionType": 0
      },
      {
        "taskName": "White",
        "openDate": "2018-10-04T00:00:00",
        "dueDate": "2019-04-21T00:00:00",
        "labelType": 4,
        "executionType": 1
      },
      {
        "taskName": "Guadalupe",
        "openDate": "2018-09-29T00:00:00",
        "dueDate": "2018-12-23T00:00:00",
        "labelType": 2,
        "executionType": 0
      },
      {
        "taskName": "Rock Whitefeather",
        "openDate": "2018-01-23T00:00:00",
        "dueDate": "2019-08-24T00:00:00",
        "labelType": 4,
        "executionType": 1
      },
      {
        "taskName": "Charleston Mousetail",
        "openDate": "2018-08-10T00:00:00",
        "dueDate": "2019-07-07T00:00:00",
        "labelType": 4,
        "executionType": 0
      },
      {
        "taskName": "Bicolored Spleenwort",
        "openDate": "2018-05-24T00:00:00",
        "dueDate": "2019-07-02T00:00:00",
        "labelType": 1,
        "executionType": 2
      },
      {
        "taskName": "Pacific",
        "openDate": "2018-05-14T00:00:00",
        "dueDate": "2019-07-05T00:00:00",
        "labelType": 0,
        "executionType": 3
      },
      {
        "taskName": "Florida Toadwood",
        "openDate": "2018-05-15T00:00:00",
        "dueDate": "2019-02-02T00:00:00",
        "labelType": 0,
        "executionType": 0
      },
      {
        "taskName": "Broadleaf",
        "openDate": "2018-03-21T00:00:00",
        "dueDate": "2018-12-18T00:00:00",
        "labelType": 2,
        "executionType": 0
      },
      {
        "taskName": "Nipa Palm",
        "openDate": "2018-10-14T00:00:00",
        "dueDate": "2019-09-19T00:00:00",
        "labelType": 0,
        "executionType": 2
      },
      {
        "taskName": "Strawberry Clover",
        "openDate": "2018-10-08T00:00:00",
        "dueDate": "2019-04-04T00:00:00",
        "labelType": 1,
        "executionType": 0
      },
      {
        "taskName": "Fir Clubmoss",
        "openDate": "2018-09-15T00:00:00",
        "dueDate": "2019-07-08T00:00:00",
        "labelType": 3,
        "executionType": 3
      },
      {
        "taskName": "Burchell's Clover",
        "openDate": "2018-06-17T00:00:00",
        "dueDate": "2018-12-03T00:00:00",
        "labelType": 4,
        "executionType": 2
      }
    ]
  },
  {
    "username": "ocoolsono",
    "tasks": [
      {
        "taskName": "Broadleaf",
        "openDate": "2018-03-21T00:00:00",
        "dueDate": "2018-12-18T00:00:00",
        "labelType": 2,
        "executionType": 0
      },
      {
        "taskName": "Olive",
        "openDate": "2018-10-19T00:00:00",
        "dueDate": "2019-01-18T00:00:00",
        "labelType": 4,
        "executionType": 0
      },
      {
        "taskName": "Meyen's Sedge",
        "openDate": "2018-10-09T00:00:00",
        "dueDate": "2019-05-05T00:00:00",
        "labelType": 3,
        "executionType": 0
      },
      {
        "taskName": "Cypress Panicgrass",
        "openDate": "2018-10-19T00:00:00",
        "dueDate": "2018-11-17T00:00:00",
        "labelType": 3,
        "executionType": 2
      },
      {
        "taskName": "Spotted Phacelia",
        "openDate": "2018-06-14T00:00:00",
        "dueDate": "2018-12-02T00:00:00",
        "labelType": 2,
        "executionType": 1
      },
      {
        "taskName": "Yellow Wildrye",
        "openDate": "2018-07-26T00:00:00",
        "dueDate": "2018-12-12T00:00:00",
        "labelType": 0,
        "executionType": 1
      },
      {
        "taskName": "Carrotwood",
        "openDate": "2018-07-23T00:00:00",
        "dueDate": "2019-03-11T00:00:00",
        "labelType": 0,
        "executionType": 3
      }
    ]
  },
  {
    "username": "lmarquissn",
    "tasks": [
      {
        "taskName": "Tricharia Lichen",
        "openDate": "2018-08-21T00:00:00",
        "dueDate": "2019-01-24T00:00:00",
        "labelType": 2,
        "executionType": 0
      },
      {
        "taskName": "Charleston Mousetail",
        "openDate": "2018-08-10T00:00:00",
        "dueDate": "2019-07-07T00:00:00",
        "labelType": 4,
        "executionType": 0
      },
      {
        "taskName": "Bashful Four O'clock",
        "openDate": "2018-05-08T00:00:00",
        "dueDate": "2019-04-21T00:00:00",
        "labelType": 2,
        "executionType": 0
      },
      {
        "taskName": "Cyrtandra",
        "openDate": "2018-08-04T00:00:00",
        "dueDate": "2018-11-14T00:00:00",
        "labelType": 0,
        "executionType": 2
      },
      {
        "taskName": "Visher's",
        "openDate": "2018-04-17T00:00:00",
        "dueDate": "2019-04-27T00:00:00",
        "labelType": 0,
        "executionType": 2
      },
      {
        "taskName": "Leafy Reedgrass",
        "openDate": "2018-06-22T00:00:00",
        "dueDate": "2019-04-28T00:00:00",
        "labelType": 1,
        "executionType": 0
      },
      {
        "taskName": "Spreading Sandwort",
        "openDate": "2018-02-19T00:00:00",
        "dueDate": "2018-11-20T00:00:00",
        "labelType": 4,
        "executionType": 2
      },
      {
        "taskName": "Debeque",
        "openDate": "2018-10-17T00:00:00",
        "dueDate": "2019-01-25T00:00:00",
        "labelType": 2,
        "executionType": 3
      },
      {
        "taskName": "Fineleaf",
        "openDate": "2018-08-31T00:00:00",
        "dueDate": "2019-04-18T00:00:00",
        "labelType": 4,
        "executionType": 0
      }
    ]
  },
  {
    "username": "mobispom",
    "tasks": [
      {
        "taskName": "Awned Mountainmint",
        "openDate": "2018-10-19T00:00:00",
        "dueDate": "2019-04-17T00:00:00",
        "labelType": 2,
        "executionType": 3
      },
      {
        "taskName": "Rubber Rabbitbrush",
        "openDate": "2018-06-16T00:00:00",
        "dueDate": "2019-07-21T00:00:00",
        "labelType": 2,
        "executionType": 2
      },
      {
        "taskName": "Paradox",
        "openDate": "2018-05-11T00:00:00",
        "dueDate": "2019-05-15T00:00:00",
        "labelType": 4,
        "executionType": 2
      },
      {
        "taskName": "Hairy Mountain Mahogany",
        "openDate": "2018-09-21T00:00:00",
        "dueDate": "2019-04-29T00:00:00",
        "labelType": 0,
        "executionType": 1
      },
      {
        "taskName": "Valamuerto",
        "openDate": "2018-08-23T00:00:00",
        "dueDate": "2019-01-15T00:00:00",
        "labelType": 4,
        "executionType": 3
      },
      {
        "taskName": "Cornflag",
        "openDate": "2018-09-27T00:00:00",
        "dueDate": "2019-09-25T00:00:00",
        "labelType": 1,
        "executionType": 1
      },
      {
        "taskName": "Pacific",
        "openDate": "2018-05-14T00:00:00",
        "dueDate": "2019-07-05T00:00:00",
        "labelType": 0,
        "executionType": 3
      }
    ]
  },
  {
    "username": "mkyncll",
    "tasks": [
      {
        "taskName": "Saber Bogmat",
        "openDate": "2018-08-16T00:00:00",
        "dueDate": "2019-03-12T00:00:00",
        "labelType": 0,
        "executionType": 0
      },
      {
        "taskName": "Guadeloupe",
        "openDate": "2018-02-14T00:00:00",
        "dueDate": "2019-02-09T00:00:00",
        "labelType": 2,
        "executionType": 1
      },
      {
        "taskName": "Spreading Sandwort",
        "openDate": "2018-02-19T00:00:00",
        "dueDate": "2018-11-20T00:00:00",
        "labelType": 4,
        "executionType": 2
      },
      {
        "taskName": "Cornflag",
        "openDate": "2018-09-27T00:00:00",
        "dueDate": "2019-09-25T00:00:00",
        "labelType": 1,
        "executionType": 1
      },
      {
        "taskName": "Bicolored Spleenwort",
        "openDate": "2018-05-24T00:00:00",
        "dueDate": "2019-07-02T00:00:00",
        "labelType": 1,
        "executionType": 2
      },
      {
        "taskName": "Digitgrass",
        "openDate": "2018-06-02T00:00:00",
        "dueDate": "2019-05-18T00:00:00",
        "labelType": 3,
        "executionType": 0
      }
    ]
  },
  {
    "username": "emccarryk",
    "tasks": [
      {
        "taskName": "Bicolored Spleenwort",
        "openDate": "2018-05-24T00:00:00",
        "dueDate": "2019-07-02T00:00:00",
        "labelType": 1,
        "executionType": 2
      },
      {
        "taskName": "Lane Mountain Milkvetch",
        "openDate": "2018-08-04T00:00:00",
        "dueDate": "2019-07-27T00:00:00",
        "labelType": 0,
        "executionType": 0
      },
      {
        "taskName": "Cyrtandra",
        "openDate": "2018-08-04T00:00:00",
        "dueDate": "2018-11-14T00:00:00",
        "labelType": 0,
        "executionType": 2
      },
      {
        "taskName": "Olive",
        "openDate": "2018-10-19T00:00:00",
        "dueDate": "2019-01-18T00:00:00",
        "labelType": 4,
        "executionType": 0
      },
      {
        "taskName": "Digitgrass",
        "openDate": "2018-06-02T00:00:00",
        "dueDate": "2019-05-18T00:00:00",
        "labelType": 3,
        "executionType": 0
      },
      {
        "taskName": "Guadeloupe",
        "openDate": "2018-02-14T00:00:00",
        "dueDate": "2019-02-09T00:00:00",
        "labelType": 2,
        "executionType": 1
      }
    ]
  },
  {
    "username": "nbremenj",
    "tasks": [
      {
        "taskName": "Valamuerto",
        "openDate": "2018-08-23T00:00:00",
        "dueDate": "2019-01-15T00:00:00",
        "labelType": 4,
        "executionType": 3
      },
      {
        "taskName": "Fir Clubmoss",
        "openDate": "2018-09-15T00:00:00",
        "dueDate": "2019-07-08T00:00:00",
        "labelType": 3,
        "executionType": 3
      },
      {
        "taskName": "Southern Hawkweed",
        "openDate": "2018-10-13T00:00:00",
        "dueDate": "2019-06-18T00:00:00",
        "labelType": 1,
        "executionType": 2
      },
      {
        "taskName": "Bryum",
        "openDate": "2018-11-02T00:00:00",
        "dueDate": "2019-01-19T00:00:00",
        "labelType": 3,
        "executionType": 0
      },
      {
        "taskName": "Digitgrass",
        "openDate": "2018-06-02T00:00:00",
        "dueDate": "2019-05-18T00:00:00",
        "labelType": 3,
        "executionType": 0
      },
      {
        "taskName": "Yellow Wildrye",
        "openDate": "2018-07-26T00:00:00",
        "dueDate": "2018-12-12T00:00:00",
        "labelType": 0,
        "executionType": 1
      },
      {
        "taskName": "Calophyllum",
        "openDate": "2018-10-09T00:00:00",
        "dueDate": "2018-11-15T00:00:00",
        "labelType": 1,
        "executionType": 2
      },
      {
        "taskName": "Visher's",
        "openDate": "2018-04-17T00:00:00",
        "dueDate": "2019-04-27T00:00:00",
        "labelType": 0,
        "executionType": 2
      },
      {
        "taskName": "Guadalupe",
        "openDate": "2018-09-29T00:00:00",
        "dueDate": "2018-12-23T00:00:00",
        "labelType": 2,
        "executionType": 0
      },
      {
        "taskName": "Saber Bogmat",
        "openDate": "2018-08-16T00:00:00",
        "dueDate": "2019-03-12T00:00:00",
        "labelType": 0,
        "executionType": 0
      },
      {
        "taskName": "Spherical Blazing Star",
        "openDate": "2018-10-15T00:00:00",
        "dueDate": "2019-03-08T00:00:00",
        "labelType": 4,
        "executionType": 3
      },
      {
        "taskName": "Hairy Mountain Mahogany",
        "openDate": "2018-09-21T00:00:00",
        "dueDate": "2019-04-29T00:00:00",
        "labelType": 0,
        "executionType": 1
      },
      {
        "taskName": "Cyrtandra",
        "openDate": "2018-08-04T00:00:00",
        "dueDate": "2018-11-14T00:00:00",
        "labelType": 0,
        "executionType": 2
      },
      {
        "taskName": "Munz's Buckwheat",
        "openDate": "2018-07-18T00:00:00",
        "dueDate": "2018-12-18T00:00:00",
        "labelType": 1,
        "executionType": 0
      }
    ]
  },
  {
    "username": "ehawtoni",
    "tasks": [
      {
        "taskName": "Fleabane",
        "openDate": "2018-10-02T00:00:00",
        "dueDate": "2019-03-21T00:00:00",
        "labelType": 0,
        "executionType": 0
      },
      {
        "taskName": "Bashful Four O'clock",
        "openDate": "2018-05-08T00:00:00",
        "dueDate": "2019-04-21T00:00:00",
        "labelType": 2,
        "executionType": 0
      },
      {
        "taskName": "Comfortroot",
        "openDate": "2018-07-14T00:00:00",
        "dueDate": "2019-06-10T00:00:00",
        "labelType": 0,
        "executionType": 3
      }
    ]
  },
  {
    "username": "gkeemsh",
    "tasks": [
      {
        "taskName": "Pearson's",
        "openDate": "2018-03-07T00:00:00",
        "dueDate": "2019-05-21T00:00:00",
        "labelType": 1,
        "executionType": 1
      },
      {
        "taskName": "Roundleaf Leather-root",
        "openDate": "2018-08-28T00:00:00",
        "dueDate": "2019-04-11T00:00:00",
        "labelType": 0,
        "executionType": 3
      },
      {
        "taskName": "Awned Mountainmint",
        "openDate": "2018-10-19T00:00:00",
        "dueDate": "2019-04-17T00:00:00",
        "labelType": 2,
        "executionType": 3
      }
    ]
  },
  {
    "username": "sthynneg",
    "tasks": [
      {
        "taskName": "Spherical Blazing Star",
        "openDate": "2018-10-15T00:00:00",
        "dueDate": "2019-03-08T00:00:00",
        "labelType": 4,
        "executionType": 3
      },
      {
        "taskName": "Visher's",
        "openDate": "2018-04-17T00:00:00",
        "dueDate": "2019-04-27T00:00:00",
        "labelType": 0,
        "executionType": 2
      },
      {
        "taskName": "Bryum",
        "openDate": "2018-11-02T00:00:00",
        "dueDate": "2019-01-19T00:00:00",
        "labelType": 3,
        "executionType": 0
      },
      {
        "taskName": "Wirestem Buckwheat",
        "openDate": "2018-04-13T00:00:00",
        "dueDate": "2018-11-22T00:00:00",
        "labelType": 4,
        "executionType": 2
      },
      {
        "taskName": "Hairy Mountain Mahogany",
        "openDate": "2018-09-21T00:00:00",
        "dueDate": "2019-04-29T00:00:00",
        "labelType": 0,
        "executionType": 1
      }
    ]
  },
  {
    "username": "tridolfif",
    "tasks": [
      {
        "taskName": "Lane Mountain Milkvetch",
        "openDate": "2018-08-04T00:00:00",
        "dueDate": "2019-07-27T00:00:00",
        "labelType": 0,
        "executionType": 0
      },
      {
        "taskName": "Bashful Four O'clock",
        "openDate": "2018-05-08T00:00:00",
        "dueDate": "2019-04-21T00:00:00",
        "labelType": 2,
        "executionType": 0
      },
      {
        "taskName": "Digitgrass",
        "openDate": "2018-06-02T00:00:00",
        "dueDate": "2019-05-18T00:00:00",
        "labelType": 3,
        "executionType": 0
      },
      {
        "taskName": "Lac Tree",
        "openDate": "2018-06-22T00:00:00",
        "dueDate": "2019-02-24T00:00:00",
        "labelType": 2,
        "executionType": 1
      },
      {
        "taskName": "Roundleaf Leather-root",
        "openDate": "2018-08-28T00:00:00",
        "dueDate": "2019-04-11T00:00:00",
        "labelType": 0,
        "executionType": 3
      },
      {
        "taskName": "Cornflag",
        "openDate": "2018-09-27T00:00:00",
        "dueDate": "2019-09-25T00:00:00",
        "labelType": 1,
        "executionType": 1
      },
      {
        "taskName": "Crandall",
        "openDate": "2018-03-12T00:00:00",
        "dueDate": "2019-02-21T00:00:00",
        "labelType": 0,
        "executionType": 2
      },
      {
        "taskName": "Debeque",
        "openDate": "2018-10-17T00:00:00",
        "dueDate": "2019-01-25T00:00:00",
        "labelType": 2,
        "executionType": 3
      },
      {
        "taskName": "Olive",
        "openDate": "2018-10-19T00:00:00",
        "dueDate": "2019-01-18T00:00:00",
        "labelType": 4,
        "executionType": 0
      },
      {
        "taskName": "Southern Hawkweed",
        "openDate": "2018-10-13T00:00:00",
        "dueDate": "2019-06-18T00:00:00",
        "labelType": 1,
        "executionType": 2
      },
      {
        "taskName": "Nipa Palm",
        "openDate": "2018-10-14T00:00:00",
        "dueDate": "2019-09-19T00:00:00",
        "labelType": 0,
        "executionType": 2
      }
    ]
  },
  {
    "username": "mdivere",
    "tasks": [
      {
        "taskName": "Awned Mountainmint",
        "openDate": "2018-10-19T00:00:00",
        "dueDate": "2019-04-17T00:00:00",
        "labelType": 2,
        "executionType": 3
      },
      {
        "taskName": "Lane Mountain Milkvetch",
        "openDate": "2018-08-04T00:00:00",
        "dueDate": "2019-07-27T00:00:00",
        "labelType": 0,
        "executionType": 0
      },
      {
        "taskName": "Longbract Pohlia Moss",
        "openDate": "2018-09-13T00:00:00",
        "dueDate": "2019-03-29T00:00:00",
        "labelType": 3,
        "executionType": 2
      },
      {
        "taskName": "Clustered Sawwort",
        "openDate": "2018-07-21T00:00:00",
        "dueDate": "2018-12-09T00:00:00",
        "labelType": 0,
        "executionType": 1
      },
      {
        "taskName": "Cyrtandra",
        "openDate": "2018-08-04T00:00:00",
        "dueDate": "2018-11-14T00:00:00",
        "labelType": 0,
        "executionType": 2
      }
    ]
  },
  {
    "username": "btorrejond",
    "tasks": [
      {
        "taskName": "Spreading Sandwort",
        "openDate": "2018-02-19T00:00:00",
        "dueDate": "2018-11-20T00:00:00",
        "labelType": 4,
        "executionType": 2
      },
      {
        "taskName": "Lac Tree",
        "openDate": "2018-06-22T00:00:00",
        "dueDate": "2019-02-24T00:00:00",
        "labelType": 2,
        "executionType": 1
      },
      {
        "taskName": "Greenman's Bluet",
        "openDate": "2018-07-27T00:00:00",
        "dueDate": "2019-02-04T00:00:00",
        "labelType": 1,
        "executionType": 2
      },
      {
        "taskName": "White Jungleflame",
        "openDate": "2018-10-10T00:00:00",
        "dueDate": "2019-02-11T00:00:00",
        "labelType": 4,
        "executionType": 3
      },
      {
        "taskName": "Rock Whitefeather",
        "openDate": "2018-01-23T00:00:00",
        "dueDate": "2019-08-24T00:00:00",
        "labelType": 4,
        "executionType": 1
      },
      {
        "taskName": "Spherical Blazing Star",
        "openDate": "2018-10-15T00:00:00",
        "dueDate": "2019-03-08T00:00:00",
        "labelType": 4,
        "executionType": 3
      },
      {
        "taskName": "Olive",
        "openDate": "2018-10-19T00:00:00",
        "dueDate": "2019-01-18T00:00:00",
        "labelType": 4,
        "executionType": 0
      },
      {
        "taskName": "Rubber Rabbitbrush",
        "openDate": "2018-06-16T00:00:00",
        "dueDate": "2019-07-21T00:00:00",
        "labelType": 2,
        "executionType": 2
      },
      {
        "taskName": "Bryum",
        "openDate": "2018-11-02T00:00:00",
        "dueDate": "2019-01-19T00:00:00",
        "labelType": 3,
        "executionType": 0
      }
    ]
  },
  {
    "username": "olathleiffurec",
    "tasks": [
      {
        "taskName": "Bashful Four O'clock",
        "openDate": "2018-05-08T00:00:00",
        "dueDate": "2019-04-21T00:00:00",
        "labelType": 2,
        "executionType": 0
      },
      {
        "taskName": "Fleabane",
        "openDate": "2018-10-02T00:00:00",
        "dueDate": "2019-03-21T00:00:00",
        "labelType": 0,
        "executionType": 0
      },
      {
        "taskName": "Clustered Sawwort",
        "openDate": "2018-07-21T00:00:00",
        "dueDate": "2018-12-09T00:00:00",
        "labelType": 0,
        "executionType": 1
      },
      {
        "taskName": "Pearson's",
        "openDate": "2018-03-07T00:00:00",
        "dueDate": "2019-05-21T00:00:00",
        "labelType": 1,
        "executionType": 1
      },
      {
        "taskName": "Digitgrass",
        "openDate": "2018-06-02T00:00:00",
        "dueDate": "2019-05-18T00:00:00",
        "labelType": 3,
        "executionType": 0
      },
      {
        "taskName": "Pacific",
        "openDate": "2018-05-14T00:00:00",
        "dueDate": "2019-07-05T00:00:00",
        "labelType": 0,
        "executionType": 3
      },
      {
        "taskName": "Calophyllum",
        "openDate": "2018-10-09T00:00:00",
        "dueDate": "2018-11-15T00:00:00",
        "labelType": 1,
        "executionType": 2
      },
      {
        "taskName": "Lac Tree",
        "openDate": "2018-06-22T00:00:00",
        "dueDate": "2019-02-24T00:00:00",
        "labelType": 2,
        "executionType": 1
      },
      {
        "taskName": "Comfortroot",
        "openDate": "2018-07-14T00:00:00",
        "dueDate": "2019-06-10T00:00:00",
        "labelType": 0,
        "executionType": 3
      },
      {
        "taskName": "Carrotwood",
        "openDate": "2018-07-23T00:00:00",
        "dueDate": "2019-03-11T00:00:00",
        "labelType": 0,
        "executionType": 3
      },
      {
        "taskName": "Greenman's Bluet",
        "openDate": "2018-07-27T00:00:00",
        "dueDate": "2019-02-04T00:00:00",
        "labelType": 1,
        "executionType": 2
      },
      {
        "taskName": "Longbract Pohlia Moss",
        "openDate": "2018-09-13T00:00:00",
        "dueDate": "2019-03-29T00:00:00",
        "labelType": 3,
        "executionType": 2
      },
      {
        "taskName": "Bicolored Spleenwort",
        "openDate": "2018-05-24T00:00:00",
        "dueDate": "2019-07-02T00:00:00",
        "labelType": 1,
        "executionType": 2
      },
      {
        "taskName": "Fir Clubmoss",
        "openDate": "2018-09-15T00:00:00",
        "dueDate": "2019-07-08T00:00:00",
        "labelType": 3,
        "executionType": 3
      }
    ]
  },
  {
    "username": "jstanett0",
    "tasks": [
      {
        "taskName": "Broadleaf",
        "openDate": "2018-03-21T00:00:00",
        "dueDate": "2018-12-18T00:00:00",
        "labelType": 2,
        "executionType": 0
      },
      {
        "taskName": "Saber Bogmat",
        "openDate": "2018-08-16T00:00:00",
        "dueDate": "2019-03-12T00:00:00",
        "labelType": 0,
        "executionType": 0
      },
      {
        "taskName": "Rock Whitefeather",
        "openDate": "2018-01-23T00:00:00",
        "dueDate": "2019-08-24T00:00:00",
        "labelType": 4,
        "executionType": 1
      },
      {
        "taskName": "Blueeyed",
        "openDate": "2018-10-22T00:00:00",
        "dueDate": "2019-06-25T00:00:00",
        "labelType": 2,
        "executionType": 1
      },
      {
        "taskName": "Debeque",
        "openDate": "2018-10-17T00:00:00",
        "dueDate": "2019-01-25T00:00:00",
        "labelType": 2,
        "executionType": 3
      }
    ]
  },
  {
    "username": "mmcellen1",
    "tasks": [
      {
        "taskName": "Rock Whitefeather",
        "openDate": "2018-01-23T00:00:00",
        "dueDate": "2019-08-24T00:00:00",
        "labelType": 4,
        "executionType": 1
      },
      {
        "taskName": "Cypress Panicgrass",
        "openDate": "2018-10-19T00:00:00",
        "dueDate": "2018-11-17T00:00:00",
        "labelType": 3,
        "executionType": 2
      },
      {
        "taskName": "Wirestem Buckwheat",
        "openDate": "2018-04-13T00:00:00",
        "dueDate": "2018-11-22T00:00:00",
        "labelType": 4,
        "executionType": 2
      },
      {
        "taskName": "American Star-thistle",
        "openDate": "2018-09-21T00:00:00",
        "dueDate": "2018-11-29T00:00:00",
        "labelType": 1,
        "executionType": 0
      },
      {
        "taskName": "Pointed Gourd",
        "openDate": "2018-10-08T00:00:00",
        "dueDate": "2019-10-24T00:00:00",
        "labelType": 0,
        "executionType": 0
      },
      {
        "taskName": "Hairy Mountain Mahogany",
        "openDate": "2018-09-21T00:00:00",
        "dueDate": "2019-04-29T00:00:00",
        "labelType": 0,
        "executionType": 1
      },
      {
        "taskName": "Columbian",
        "openDate": "2018-10-24T00:00:00",
        "dueDate": "2019-10-20T00:00:00",
        "labelType": 4,
        "executionType": 2
      },
      {
        "taskName": "Digitgrass",
        "openDate": "2018-06-02T00:00:00",
        "dueDate": "2019-05-18T00:00:00",
        "labelType": 3,
        "executionType": 0
      },
      {
        "taskName": "Cornflag",
        "openDate": "2018-09-27T00:00:00",
        "dueDate": "2019-09-25T00:00:00",
        "labelType": 1,
        "executionType": 1
      },
      {
        "taskName": "White",
        "openDate": "2018-10-04T00:00:00",
        "dueDate": "2019-04-21T00:00:00",
        "labelType": 4,
        "executionType": 1
      },
      {
        "taskName": "Charleston Mousetail",
        "openDate": "2018-08-10T00:00:00",
        "dueDate": "2019-07-07T00:00:00",
        "labelType": 4,
        "executionType": 0
      },
      {
        "taskName": "Bryum",
        "openDate": "2018-11-02T00:00:00",
        "dueDate": "2019-01-19T00:00:00",
        "labelType": 3,
        "executionType": 0
      },
      {
        "taskName": "California Dwarf-flax",
        "openDate": "2018-10-01T00:00:00",
        "dueDate": "2019-06-01T00:00:00",
        "labelType": 4,
        "executionType": 3
      },
      {
        "taskName": "Spreading Sandwort",
        "openDate": "2018-02-19T00:00:00",
        "dueDate": "2018-11-20T00:00:00",
        "labelType": 4,
        "executionType": 2
      },
      {
        "taskName": "Calophyllum",
        "openDate": "2018-10-09T00:00:00",
        "dueDate": "2018-11-15T00:00:00",
        "labelType": 1,
        "executionType": 2
      }
    ]
  },
  {
    "username": "cmartinho2",
    "tasks": [
      {
        "taskName": "Bicolored Spleenwort",
        "openDate": "2018-05-24T00:00:00",
        "dueDate": "2019-07-02T00:00:00",
        "labelType": 1,
        "executionType": 2
      },
      {
        "taskName": "Fleabane",
        "openDate": "2018-10-02T00:00:00",
        "dueDate": "2019-03-21T00:00:00",
        "labelType": 0,
        "executionType": 0
      },
      {
        "taskName": "Visher's",
        "openDate": "2018-04-17T00:00:00",
        "dueDate": "2019-04-27T00:00:00",
        "labelType": 0,
        "executionType": 2
      },
      {
        "taskName": "Bryum",
        "openDate": "2018-11-02T00:00:00",
        "dueDate": "2019-01-19T00:00:00",
        "labelType": 3,
        "executionType": 0
      },
      {
        "taskName": "Debeque",
        "openDate": "2018-10-17T00:00:00",
        "dueDate": "2019-01-25T00:00:00",
        "labelType": 2,
        "executionType": 3
      }
    ]
  },
  {
    "username": "mdilucia3",
    "tasks": [
      {
        "taskName": "Yellow Wildrye",
        "openDate": "2018-07-26T00:00:00",
        "dueDate": "2018-12-12T00:00:00",
        "labelType": 0,
        "executionType": 1
      },
      {
        "taskName": "Rubber Rabbitbrush",
        "openDate": "2018-06-16T00:00:00",
        "dueDate": "2019-07-21T00:00:00",
        "labelType": 2,
        "executionType": 2
      },
      {
        "taskName": "Bryum",
        "openDate": "2018-11-02T00:00:00",
        "dueDate": "2019-01-19T00:00:00",
        "labelType": 3,
        "executionType": 0
      },
      {
        "taskName": "Charleston Mousetail",
        "openDate": "2018-08-10T00:00:00",
        "dueDate": "2019-07-07T00:00:00",
        "labelType": 4,
        "executionType": 0
      },
      {
        "taskName": "Tricharia Lichen",
        "openDate": "2018-08-21T00:00:00",
        "dueDate": "2019-01-24T00:00:00",
        "labelType": 2,
        "executionType": 0
      },
      {
        "taskName": "Cornflag",
        "openDate": "2018-09-27T00:00:00",
        "dueDate": "2019-09-25T00:00:00",
        "labelType": 1,
        "executionType": 1
      },
      {
        "taskName": "Rock Whitefeather",
        "openDate": "2018-01-23T00:00:00",
        "dueDate": "2019-08-24T00:00:00",
        "labelType": 4,
        "executionType": 1
      },
      {
        "taskName": "Florida Toadwood",
        "openDate": "2018-05-15T00:00:00",
        "dueDate": "2019-02-02T00:00:00",
        "labelType": 0,
        "executionType": 0
      },
      {
        "taskName": "Broadleaf",
        "openDate": "2018-03-21T00:00:00",
        "dueDate": "2018-12-18T00:00:00",
        "labelType": 2,
        "executionType": 0
      }
    ]
  },
  {
    "username": "dnapton4",
    "tasks": [
      {
        "taskName": "Cornflag",
        "openDate": "2018-09-27T00:00:00",
        "dueDate": "2019-09-25T00:00:00",
        "labelType": 1,
        "executionType": 1
      },
      {
        "taskName": "Visher's",
        "openDate": "2018-04-17T00:00:00",
        "dueDate": "2019-04-27T00:00:00",
        "labelType": 0,
        "executionType": 2
      },
      {
        "taskName": "Burchell's Clover",
        "openDate": "2018-06-17T00:00:00",
        "dueDate": "2018-12-03T00:00:00",
        "labelType": 4,
        "executionType": 2
      },
      {
        "taskName": "Slender Cudweed",
        "openDate": "2018-07-12T00:00:00",
        "dueDate": "2019-01-24T00:00:00",
        "labelType": 0,
        "executionType": 0
      },
      {
        "taskName": "Sea Kale",
        "openDate": "2018-02-10T00:00:00",
        "dueDate": "2019-07-03T00:00:00",
        "labelType": 2,
        "executionType": 0
      }
    ]
  },
  {
    "username": "ostollsteimer5",
    "tasks": [
      {
        "taskName": "Comfortroot",
        "openDate": "2018-07-14T00:00:00",
        "dueDate": "2019-06-10T00:00:00",
        "labelType": 0,
        "executionType": 3
      },
      {
        "taskName": "Southern Hawkweed",
        "openDate": "2018-10-13T00:00:00",
        "dueDate": "2019-06-18T00:00:00",
        "labelType": 1,
        "executionType": 2
      },
      {
        "taskName": "Burchell's Clover",
        "openDate": "2018-06-17T00:00:00",
        "dueDate": "2018-12-03T00:00:00",
        "labelType": 4,
        "executionType": 2
      },
      {
        "taskName": "Calophyllum",
        "openDate": "2018-10-09T00:00:00",
        "dueDate": "2018-11-15T00:00:00",
        "labelType": 1,
        "executionType": 2
      },
      {
        "taskName": "Lane Mountain Milkvetch",
        "openDate": "2018-08-04T00:00:00",
        "dueDate": "2019-07-27T00:00:00",
        "labelType": 0,
        "executionType": 0
      },
      {
        "taskName": "Bryum",
        "openDate": "2018-11-02T00:00:00",
        "dueDate": "2019-01-19T00:00:00",
        "labelType": 3,
        "executionType": 0
      },
      {
        "taskName": "Bashful Four O'clock",
        "openDate": "2018-05-08T00:00:00",
        "dueDate": "2019-04-21T00:00:00",
        "labelType": 2,
        "executionType": 0
      },
      {
        "taskName": "Carrotwood",
        "openDate": "2018-07-23T00:00:00",
        "dueDate": "2019-03-11T00:00:00",
        "labelType": 0,
        "executionType": 3
      },
      {
        "taskName": "Munz's Buckwheat",
        "openDate": "2018-07-18T00:00:00",
        "dueDate": "2018-12-18T00:00:00",
        "labelType": 1,
        "executionType": 0
      },
      {
        "taskName": "Northland",
        "openDate": "2018-07-31T00:00:00",
        "dueDate": "2019-04-06T00:00:00",
        "labelType": 1,
        "executionType": 1
      },
      {
        "taskName": "Hairy Mountain Mahogany",
        "openDate": "2018-09-21T00:00:00",
        "dueDate": "2019-04-29T00:00:00",
        "labelType": 0,
        "executionType": 1
      },
      {
        "taskName": "Valamuerto",
        "openDate": "2018-08-23T00:00:00",
        "dueDate": "2019-01-15T00:00:00",
        "labelType": 4,
        "executionType": 3
      }
    ]
  },
  {
    "username": "codaly6",
    "tasks": [
      {
        "taskName": "Fir Clubmoss",
        "openDate": "2018-09-15T00:00:00",
        "dueDate": "2019-07-08T00:00:00",
        "labelType": 3,
        "executionType": 3
      },
      {
        "taskName": "American Star-thistle",
        "openDate": "2018-09-21T00:00:00",
        "dueDate": "2018-11-29T00:00:00",
        "labelType": 1,
        "executionType": 0
      },
      {
        "taskName": "Cypress Panicgrass",
        "openDate": "2018-10-19T00:00:00",
        "dueDate": "2018-11-17T00:00:00",
        "labelType": 3,
        "executionType": 2
      },
      {
        "taskName": "Pearson's",
        "openDate": "2018-03-07T00:00:00",
        "dueDate": "2019-05-21T00:00:00",
        "labelType": 1,
        "executionType": 1
      },
      {
        "taskName": "Guadalupe",
        "openDate": "2018-09-29T00:00:00",
        "dueDate": "2018-12-23T00:00:00",
        "labelType": 2,
        "executionType": 0
      },
      {
        "taskName": "Wirestem Buckwheat",
        "openDate": "2018-04-13T00:00:00",
        "dueDate": "2018-11-22T00:00:00",
        "labelType": 4,
        "executionType": 2
      },
      {
        "taskName": "Comfortroot",
        "openDate": "2018-07-14T00:00:00",
        "dueDate": "2019-06-10T00:00:00",
        "labelType": 0,
        "executionType": 3
      }
    ]
  },
  {
    "username": "qfilkin7",
    "tasks": [
      {
        "taskName": "Spreading Sandwort",
        "openDate": "2018-02-19T00:00:00",
        "dueDate": "2018-11-20T00:00:00",
        "labelType": 4,
        "executionType": 2
      },
      {
        "taskName": "Strawberry Clover",
        "openDate": "2018-10-08T00:00:00",
        "dueDate": "2019-04-04T00:00:00",
        "labelType": 1,
        "executionType": 0
      },
      {
        "taskName": "Broadleaf",
        "openDate": "2018-03-21T00:00:00",
        "dueDate": "2018-12-18T00:00:00",
        "labelType": 2,
        "executionType": 0
      },
      {
        "taskName": "Leafy Reedgrass",
        "openDate": "2018-06-22T00:00:00",
        "dueDate": "2019-04-28T00:00:00",
        "labelType": 1,
        "executionType": 0
      }
    ]
  },
  {
    "username": "rkitchingham8",
    "tasks": [
      {
        "taskName": "Southern Hawkweed",
        "openDate": "2018-10-13T00:00:00",
        "dueDate": "2019-06-18T00:00:00",
        "labelType": 1,
        "executionType": 2
      },
      {
        "taskName": "Fineleaf",
        "openDate": "2018-08-31T00:00:00",
        "dueDate": "2019-04-18T00:00:00",
        "labelType": 4,
        "executionType": 0
      },
      {
        "taskName": "Spotted Phacelia",
        "openDate": "2018-06-14T00:00:00",
        "dueDate": "2018-12-02T00:00:00",
        "labelType": 2,
        "executionType": 1
      },
      {
        "taskName": "White",
        "openDate": "2018-10-04T00:00:00",
        "dueDate": "2019-04-21T00:00:00",
        "labelType": 4,
        "executionType": 1
      },
      {
        "taskName": "Bicolored Spleenwort",
        "openDate": "2018-05-24T00:00:00",
        "dueDate": "2019-07-02T00:00:00",
        "labelType": 1,
        "executionType": 2
      }
    ]
  },
  {
    "username": "kmurrow9",
    "tasks": [
      {
        "taskName": "Comfortroot",
        "openDate": "2018-07-14T00:00:00",
        "dueDate": "2019-06-10T00:00:00",
        "labelType": 0,
        "executionType": 3
      },
      {
        "taskName": "Olive",
        "openDate": "2018-10-19T00:00:00",
        "dueDate": "2019-01-18T00:00:00",
        "labelType": 4,
        "executionType": 0
      },
      {
        "taskName": "Munz's Buckwheat",
        "openDate": "2018-07-18T00:00:00",
        "dueDate": "2018-12-18T00:00:00",
        "labelType": 1,
        "executionType": 0
      },
      {
        "taskName": "Lane Mountain Milkvetch",
        "openDate": "2018-08-04T00:00:00",
        "dueDate": "2019-07-27T00:00:00",
        "labelType": 0,
        "executionType": 0
      },
      {
        "taskName": "Bryum",
        "openDate": "2018-11-02T00:00:00",
        "dueDate": "2019-01-19T00:00:00",
        "labelType": 3,
        "executionType": 0
      },
      {
        "taskName": "Pacific",
        "openDate": "2018-05-14T00:00:00",
        "dueDate": "2019-07-05T00:00:00",
        "labelType": 0,
        "executionType": 3
      },
      {
        "taskName": "Slender Cudweed",
        "openDate": "2018-07-12T00:00:00",
        "dueDate": "2019-01-24T00:00:00",
        "labelType": 0,
        "executionType": 0
      },
      {
        "taskName": "White Jungleflame",
        "openDate": "2018-10-10T00:00:00",
        "dueDate": "2019-02-11T00:00:00",
        "labelType": 4,
        "executionType": 3
      },
      {
        "taskName": "Pearson's",
        "openDate": "2018-03-07T00:00:00",
        "dueDate": "2019-05-21T00:00:00",
        "labelType": 1,
        "executionType": 1
      },
      {
        "taskName": "Cornflag",
        "openDate": "2018-09-27T00:00:00",
        "dueDate": "2019-09-25T00:00:00",
        "labelType": 1,
        "executionType": 1
      },
      {
        "taskName": "Roundleaf Leather-root",
        "openDate": "2018-08-28T00:00:00",
        "dueDate": "2019-04-11T00:00:00",
        "labelType": 0,
        "executionType": 3
      }
    ]
  },
  {
    "username": "mbarendtsena",
    "tasks": [
      {
        "taskName": "White Jungleflame",
        "openDate": "2018-10-10T00:00:00",
        "dueDate": "2019-02-11T00:00:00",
        "labelType": 4,
        "executionType": 3
      },
      {
        "taskName": "Columbian",
        "openDate": "2018-10-24T00:00:00",
        "dueDate": "2019-10-20T00:00:00",
        "labelType": 4,
        "executionType": 2
      },
      {
        "taskName": "Nipa Palm",
        "openDate": "2018-10-14T00:00:00",
        "dueDate": "2019-09-19T00:00:00",
        "labelType": 0,
        "executionType": 2
      },
      {
        "taskName": "Wirestem Buckwheat",
        "openDate": "2018-04-13T00:00:00",
        "dueDate": "2018-11-22T00:00:00",
        "labelType": 4,
        "executionType": 2
      },
      {
        "taskName": "Fir Clubmoss",
        "openDate": "2018-09-15T00:00:00",
        "dueDate": "2019-07-08T00:00:00",
        "labelType": 3,
        "executionType": 3
      },
      {
        "taskName": "Guadeloupe",
        "openDate": "2018-02-14T00:00:00",
        "dueDate": "2019-02-09T00:00:00",
        "labelType": 2,
        "executionType": 1
      },
      {
        "taskName": "Spreading Sandwort",
        "openDate": "2018-02-19T00:00:00",
        "dueDate": "2018-11-20T00:00:00",
        "labelType": 4,
        "executionType": 2
      },
      {
        "taskName": "Fleabane",
        "openDate": "2018-10-02T00:00:00",
        "dueDate": "2019-03-21T00:00:00",
        "labelType": 0,
        "executionType": 0
      },
      {
        "taskName": "Yellow Wildrye",
        "openDate": "2018-07-26T00:00:00",
        "dueDate": "2018-12-12T00:00:00",
        "labelType": 0,
        "executionType": 1
      },
      {
        "taskName": "Paradox",
        "openDate": "2018-05-11T00:00:00",
        "dueDate": "2019-05-15T00:00:00",
        "labelType": 4,
        "executionType": 2
      }
    ]
  },
  {
    "username": "hgreenhaughs",
    "tasks": [
      {
        "taskName": "Munz's Buckwheat",
        "openDate": "2018-07-18T00:00:00",
        "dueDate": "2018-12-18T00:00:00",
        "labelType": 1,
        "executionType": 0
      },
      {
        "taskName": "Rubber Rabbitbrush",
        "openDate": "2018-06-16T00:00:00",
        "dueDate": "2019-07-21T00:00:00",
        "labelType": 2,
        "executionType": 2
      },
      {
        "taskName": "Blueeyed",
        "openDate": "2018-10-22T00:00:00",
        "dueDate": "2019-06-25T00:00:00",
        "labelType": 2,
        "executionType": 1
      },
      {
        "taskName": "Nipa Palm",
        "openDate": "2018-10-14T00:00:00",
        "dueDate": "2019-09-19T00:00:00",
        "labelType": 0,
        "executionType": 2
      },
      {
        "taskName": "White",
        "openDate": "2018-10-04T00:00:00",
        "dueDate": "2019-04-21T00:00:00",
        "labelType": 4,
        "executionType": 1
      }
    ]
  },
  {
    "username": "ymarcumt",
    "tasks": [
      {
        "taskName": "Digitgrass",
        "openDate": "2018-06-02T00:00:00",
        "dueDate": "2019-05-18T00:00:00",
        "labelType": 3,
        "executionType": 0
      },
      {
        "taskName": "Columbian",
        "openDate": "2018-10-24T00:00:00",
        "dueDate": "2019-10-20T00:00:00",
        "labelType": 4,
        "executionType": 2
      },
      {
        "taskName": "Northland",
        "openDate": "2018-07-31T00:00:00",
        "dueDate": "2019-04-06T00:00:00",
        "labelType": 1,
        "executionType": 1
      },
      {
        "taskName": "Southern Hawkweed",
        "openDate": "2018-10-13T00:00:00",
        "dueDate": "2019-06-18T00:00:00",
        "labelType": 1,
        "executionType": 2
      },
      {
        "taskName": "Lac Tree",
        "openDate": "2018-06-22T00:00:00",
        "dueDate": "2019-02-24T00:00:00",
        "labelType": 2,
        "executionType": 1
      },
      {
        "taskName": "Bicolored Spleenwort",
        "openDate": "2018-05-24T00:00:00",
        "dueDate": "2019-07-02T00:00:00",
        "labelType": 1,
        "executionType": 2
      },
      {
        "taskName": "Slender Cudweed",
        "openDate": "2018-07-12T00:00:00",
        "dueDate": "2019-01-24T00:00:00",
        "labelType": 0,
        "executionType": 0
      },
      {
        "taskName": "California Dwarf-flax",
        "openDate": "2018-10-01T00:00:00",
        "dueDate": "2019-06-01T00:00:00",
        "labelType": 4,
        "executionType": 3
      },
      {
        "taskName": "Strawberry Clover",
        "openDate": "2018-10-08T00:00:00",
        "dueDate": "2019-04-04T00:00:00",
        "labelType": 1,
        "executionType": 0
      },
      {
        "taskName": "Spreading Sandwort",
        "openDate": "2018-02-19T00:00:00",
        "dueDate": "2018-11-20T00:00:00",
        "labelType": 4,
        "executionType": 2
      },
      {
        "taskName": "Leafy Reedgrass",
        "openDate": "2018-06-22T00:00:00",
        "dueDate": "2019-04-28T00:00:00",
        "labelType": 1,
        "executionType": 0
      },
      {
        "taskName": "Bashful Four O'clock",
        "openDate": "2018-05-08T00:00:00",
        "dueDate": "2019-04-21T00:00:00",
        "labelType": 2,
        "executionType": 0
      },
      {
        "taskName": "Guadalupe",
        "openDate": "2018-09-29T00:00:00",
        "dueDate": "2018-12-23T00:00:00",
        "labelType": 2,
        "executionType": 0
      },
      {
        "taskName": "Valamuerto",
        "openDate": "2018-08-23T00:00:00",
        "dueDate": "2019-01-15T00:00:00",
        "labelType": 4,
        "executionType": 3
      }
    ]
  }
]